Company_ID,Company_Name,Industry,Financial_Year,Market_Price_INR,EPS_INR,Book_Value_Per_Share_INR,Net_Income_Crore,Shareholders_Equity_Crore,Total_Debt_Crore,Shares_Outstanding_Crore,PE_Ratio,PB_Ratio,ROE_Percent,Debt_Equity_Ratio
1,Company_001,Technology,FY2025,2042.25,52.07,247.5,829.56,3942.9,921.24,15.93,39.22124063760322,8.251515151515152,21.03933652895077,0.23364528646427757
1,Company_001,Technology,FY2026,2335.01,62.01,403.73,973.56,6338.75,4900.21,15.7,37.655378164812134,5.783592995318654,15.358864129363045,0.7730562019325576
2,Company_002,Banking,FY2025,431.57,42.98,420.24,584.03,5710.92,6461.56,13.59,10.04118194509074,1.0269607843137254,10.22654843702941,1.1314394178170943
2,Company_002,Banking,FY2026,1608.32,43.97,334.25,742.93,5647.93,10973.14,16.9,36.577666590857405,4.8117277486911,13.154022801274094,1.942860481627782
3,Company_003,Healthcare,FY2025,246.79,8.27,137.59,132.34,2202.9,772.92,16.01,29.841596130592503,1.7936623301111998,6.007535521358209,0.350864769167915
3,Company_003,Healthcare,FY2026,922.9,65.63,485.38,1011.02,7477.62,7220.64,15.41,14.062166692061558,1.9013968437100828,13.520612173392069,0.9656334502154429
4,Company_004,Automobile,FY2025,1866.88,53.88,264.07,233.78,1145.68,1033.91,4.34,34.648849294729025,7.0696406255917,20.40534878849242,0.9024422177222261
4,Company_004,Automobile,FY2026,771.76,44.8,190.56,654.31,2783.16,2242.06,14.6,17.226785714285715,4.049958018471872,23.509607783957804,0.8055807068224609
5,Company_005,Energy,FY2025,170.84,5.84,112.89,83.36,1612.6,2555.18,14.28,29.253424657534246,1.5133315616972274,5.169291826863451,1.5845094877837034
5,Company_005,Energy,FY2026,846.46,72.56,401.33,1066.19,5896.7,1902.3,14.69,11.665656008820287,2.109137119079062,18.081130123628473,0.32260416843319145
6,Company_006,FMCG,FY2025,1522.23,59.2,261.99,830.61,3676.09,4733.71,14.03,25.713344594594595,5.810259933585251,22.59493102725994,1.2877024229548242
6,Company_006,FMCG,FY2026,233.84,-13.44,186.78,-162.17,2253.61,1055.68,12.07,,1.2519541706820858,-7.196009957357306,0.4684395259161967
7,Company_007,Telecom,FY2025,347.86,-13.83,155.27,-240.05,2695.73,1678.11,17.36,,2.240355509757197,-8.904823554287706,0.6225067050483543
7,Company_007,Telecom,FY2026,771.0,57.78,402.75,694.93,4843.76,7930.87,12.03,13.343717549325026,1.914338919925512,14.346912316051991,1.6373375229160816
8,Company_008,Pharmaceuticals,FY2025,339.89,14.14,90.52,34.07,218.05,79.47,2.41,24.037482319660537,3.7548608042421563,15.624856684246732,0.3644576931896354
8,Company_008,Pharmaceuticals,FY2026,1408.7,50.01,363.34,237.12,1722.84,1099.08,4.74,28.168366326734656,3.8770848241316678,13.763321028069933,0.637946646235286
9,Company_009,Construction,FY2025,737.28,24.26,89.44,206.52,761.39,1387.05,8.51,30.39076669414674,8.243291592128802,27.12407570364728,1.8217339339891514
9,Company_009,Construction,FY2026,1745.74,104.46,486.13,708.84,3298.71,3055.44,6.79,16.71204288722956,3.5910970316581983,21.48840001091336,0.9262529898051056
10,Company_010,Retail,FY2025,1168.61,44.04,456.17,164.49,1703.82,1101.71,3.74,26.53519527702089,2.5617861762062386,9.654188822762968,0.6466117312861688
10,Company_010,Retail,FY2026,2634.31,93.83,435.48,486.24,2256.6,2014.2,5.18,28.075349035489715,6.049210067052448,21.547460781706995,0.8925817601701675
11,Company_011,Technology,FY2025,272.3,-25.43,342.43,-318.22,4285.1,561.98,12.51,,0.7951990187775604,-7.426197755011551,0.13114746446990735
11,Company_011,Technology,FY2026,800.96,21.3,115.04,169.07,913.1,349.4,7.94,37.6037558685446,6.962447844228095,18.516044244880078,0.3826525024641331
12,Company_012,Banking,FY2025,266.8,11.39,206.09,141.85,2567.71,4927.93,12.46,23.424056189640034,1.2945800378475423,5.524377752939389,1.919192587948016
12,Company_012,Banking,FY2026,373.56,14.21,87.23,228.57,1403.44,2636.73,16.09,26.288529204785362,4.282471626733922,16.286410534116172,1.878762184347033
13,Company_013,Healthcare,FY2025,251.03,28.88,170.14,303.92,1790.34,1621.83,10.52,8.692174515235457,1.4754319971787941,16.975546544231822,0.9058782130768457
13,Company_013,Healthcare,FY2026,2373.43,80.42,453.27,1357.0,7648.18,2001.7,16.87,29.51293210644118,5.236238886314999,17.74278325039421,0.26172239670091446
14,Company_014,Automobile,FY2025,2934.13,78.64,346.74,555.35,2448.75,636.91,7.06,37.31091047812818,8.462046490165543,22.678917815211843,0.2600959673302705
14,Company_014,Automobile,FY2026,306.26,9.04,66.84,55.56,410.63,684.97,6.14,33.8783185840708,4.581986834230999,13.530428853225532,1.668095365657648
15,Company_015,Energy,FY2025,3061.36,80.66,478.8,621.77,3690.87,2026.77,7.71,37.95388048599058,6.393817878028404,16.84616364163463,0.5491306927634948
15,Company_015,Energy,FY2026,624.27,19.54,70.21,96.95,348.45,623.29,4.96,31.948311156601843,8.891468451787496,27.82321710431913,1.7887501793657625
16,Company_016,FMCG,FY2025,1617.66,55.45,452.05,1000.0,8152.41,12680.45,18.03,29.17330928764653,3.5784979537661763,12.26631143428753,1.5554234882691131
16,Company_016,FMCG,FY2026,160.41,10.21,92.51,89.09,807.23,1514.99,8.73,15.711067580803132,1.7339747054372499,11.036507562900288,1.8767761356738475
17,Company_017,Telecom,FY2025,1392.02,38.68,424.0,162.84,1784.89,2175.42,4.21,35.98810754912099,3.283066037735849,9.123251292796756,1.2187977970631243
17,Company_017,Telecom,FY2026,653.83,51.87,189.65,287.15,1049.84,1077.61,5.54,12.6051667630615,3.4475612971262852,27.351786938962125,1.0264516497752039
18,Company_018,Pharmaceuticals,FY2025,764.02,31.57,153.35,71.05,345.16,99.26,2.25,24.200823566677226,4.9821975872187805,20.58465639123884,0.2875767759879476
18,Company_018,Pharmaceuticals,FY2026,2316.19,73.19,311.5,1060.97,4515.77,6525.48,14.5,31.64626315070365,7.4356019261637245,23.49477497746785,1.4450425951720303
19,Company_019,Construction,FY2025,353.31,14.95,105.69,65.16,460.7,293.4,4.36,23.632775919732442,3.3428895827419813,14.14369437812025,0.6368569568048621
19,Company_019,Construction,FY2026,3249.31,126.11,480.03,1756.86,6687.57,658.57,13.93,25.76568075489652,6.76897277253505,26.270528757082168,0.09847672622492178
20,Company_020,Retail,FY2025,387.05,14.3,97.65,191.73,1309.69,2533.14,13.41,27.066433566433567,3.9636456733230925,14.639342134398214,1.934152356664554
20,Company_020,Retail,FY2026,1091.29,94.96,411.96,1784.63,7742.59,656.43,18.79,11.492101937657962,2.6490193222642975,23.049522188311663,0.08478170741315244
21,Company_021,Technology,FY2025,2514.65,70.31,408.57,1190.25,6916.93,8519.8,16.93,35.76518276205376,6.154759282375114,17.20777859541733,1.2317314184182866
21,Company_021,Technology,FY2026,1246.8,34.87,235.66,448.24,3029.59,4002.9,12.86,35.75566389446516,5.290673003479589,14.795401357939522,1.3212678943355372
22,Company_022,Banking,FY2025,406.91,35.79,161.53,364.01,1642.76,2697.92,10.17,11.369376920927634,2.519098619451495,22.158440673013708,1.6423092843750762
22,Company_022,Banking,FY2026,959.09,76.09,317.5,243.36,1015.37,665.22,3.2,12.604678669996057,3.020755905511811,23.967617715709547,0.6551503392851867
23,Company_023,Healthcare,FY2025,92.17,10.62,124.49,197.34,2312.7,636.47,18.58,8.678907721280604,0.7403807534741746,8.532883642495785,0.2752064686297402
23,Company_023,Healthcare,FY2026,227.13,-7.07,128.59,-21.19,385.4,530.84,3.0,,1.7663115327785985,-5.498183705241309,1.3773741567202908
24,Company_024,Automobile,FY2025,940.11,68.08,277.04,525.87,2139.79,288.39,7.72,13.808901292596945,3.3934088940225235,24.57577612756392,0.1347749078180569
24,Company_024,Automobile,FY2026,471.8,23.64,162.22,148.04,1015.75,148.35,6.26,19.957698815566836,2.908396005424732,14.574452375092296,0.14604971695791286
25,Company_025,Energy,FY2025,66.27,5.93,95.75,67.79,1094.22,2028.06,11.43,11.175379426644183,0.6921148825065274,6.195280656540732,1.853429840434282
25,Company_025,Energy,FY2026,3054.78,106.96,456.19,1838.07,7839.4,12307.7,17.18,28.560022438294695,6.696288827023828,23.44656478812154,1.5699798453963316
26,Company_026,FMCG,FY2025,424.31,18.6,110.55,298.04,1771.2,3050.48,16.02,22.81236559139785,3.8381727725011308,16.827009936766036,1.72226738934056
26,Company_026,FMCG,FY2026,592.19,27.75,337.8,247.85,3017.13,2962.4,8.93,21.340180180180184,1.7530787448194198,8.214760384869065,0.9818602446696032
27,Company_027,Telecom,FY2025,808.25,26.99,215.38,166.98,1332.4,1052.53,6.19,29.946276398666175,3.7526697000650016,12.532272590813568,0.789950465325728
27,Company_027,Telecom,FY2026,1925.47,76.61,476.99,562.6,3502.88,2418.05,7.34,25.133402950006527,4.036709364976205,16.061069748321383,0.6903034074818435
28,Company_028,Pharmaceuticals,FY2025,1021.05,59.29,343.66,1024.2,5936.49,7623.57,17.27,17.221285208298195,2.9711051620787985,17.25261897181668,1.2841881313705574
28,Company_028,Pharmaceuticals,FY2026,967.65,34.98,141.08,532.73,2148.41,660.85,15.23,27.662950257289882,6.858874397504961,24.796477394910656,0.30759957363817897
29,Company_029,Construction,FY2025,481.5,-6.42,376.57,-23.83,1397.73,444.4,3.71,,1.2786467323472397,-1.7049072424574128,0.31794409506843235
29,Company_029,Construction,FY2026,1189.73,73.86,317.16,1212.45,5206.42,9864.88,16.42,16.10790685079881,3.7511981334342286,23.287594930873805,1.8947530164681297
30,Company_030,Retail,FY2025,218.27,8.29,92.77,104.68,1170.91,1348.48,12.62,26.329312424607966,2.3528080198339985,8.94005517076462,1.151651279773851
30,Company_030,Retail,FY2026,1812.93,66.68,285.18,692.69,2962.42,2991.15,10.39,27.18851229754049,6.357142857142858,23.38257235638431,1.0096981521863881
31,Company_031,Technology,FY2025,155.96,7.29,103.88,136.77,1949.02,2597.73,18.76,21.39368998628258,1.5013477088948788,7.0173728335265935,1.3328390678392217
31,Company_031,Technology,FY2026,1504.9,90.35,352.05,1439.91,5610.96,8623.7,15.94,16.65633646928611,4.274676892486863,25.662453483895803,1.5369384205198398
32,Company_032,Banking,FY2025,354.05,16.08,191.5,137.61,1638.35,3072.65,8.56,22.01803482587065,1.8488250652741516,8.399304177983948,1.8754539628284557
32,Company_032,Banking,FY2026,2342.93,100.38,378.36,893.39,3367.3,5292.01,8.9,23.340605698346284,6.192330056031293,26.531345588453654,1.5715885130520002
33,Company_033,Healthcare,FY2025,4675.79,132.77,493.98,1164.99,4334.45,1218.12,8.77,35.21721774497251,9.465545163771813,26.87745850107857,0.28103219554960834
33,Company_033,Healthcare,FY2026,491.13,21.79,104.86,293.47,1412.25,104.49,13.47,22.539238182652593,4.683673469387755,20.780315100017706,0.07398831651619756
34,Company_034,Automobile,FY2025,1037.71,27.75,182.91,467.85,3083.38,1969.53,16.86,37.394954954954954,5.673336613635121,15.17328386381179,0.6387568188157152
34,Company_034,Automobile,FY2026,875.16,25.16,99.76,404.19,1602.55,967.33,16.06,34.78378378378378,8.772654370489173,25.22167795076597,0.6036192318492403
35,Company_035,Energy,FY2025,3658.91,99.68,499.6,390.32,1956.2,442.8,3.92,36.70656099518459,7.323678943154523,19.952970043962782,0.2263572231878131
35,Company_035,Energy,FY2026,1344.96,36.21,158.37,91.33,399.41,174.34,2.52,37.14333057166529,8.492517522258003,22.866227685836606,0.4364938283968854
36,Company_036,FMCG,FY2025,410.67,-7.58,66.27,-104.65,915.42,1127.39,13.81,,6.1969216840199195,-11.431911035371742,1.2315549146839704
36,Company_036,FMCG,FY2026,397.45,-13.79,432.23,-86.77,2720.46,5057.88,6.29,,0.9195335816579135,-3.189534122905685,1.8592002823051983
37,Company_037,Telecom,FY2025,277.04,-41.77,427.09,-608.45,6221.08,1826.52,14.57,,0.6486688988269452,-9.780456126588954,0.29360175403627664
37,Company_037,Telecom,FY2026,405.2,28.58,333.51,440.53,5140.45,7620.77,15.41,14.177746675997202,1.214956073281161,8.569872287445651,1.4825102860644497
38,Company_038,Pharmaceuticals,FY2025,1952.7,70.44,369.46,484.17,2539.52,396.87,6.87,27.72146507666099,5.285281221241813,19.065413936491936,0.1562775642641129
38,Company_038,Pharmaceuticals,FY2026,558.07,40.23,447.87,111.12,1237.14,283.13,2.76,13.871986080039774,1.246053542322549,8.982006886851932,0.22885849620899815
39,Company_039,Construction,FY2025,636.52,50.34,256.35,988.72,5034.88,5871.71,19.64,12.644417957886372,2.48301150770431,19.637409431803736,1.166206543154951
39,Company_039,Construction,FY2026,1491.69,39.15,185.6,745.02,3531.76,4647.81,19.03,38.101915708812264,8.037122844827588,21.094864883231022,1.3160039187260744
40,Company_040,Retail,FY2025,544.97,44.34,278.76,207.15,1302.33,367.88,4.67,12.290708164185837,1.9549791935715313,15.906106747137825,0.28247832730567524
40,Company_040,Retail,FY2026,755.01,35.65,187.12,249.75,1310.82,1687.72,7.01,21.178401122019636,4.034897392047884,19.052959216368382,1.2875299430890588
41,Company_041,Technology,FY2025,388.93,18.18,147.93,170.17,1384.37,166.56,9.36,21.393289328932894,2.6291489217873316,12.292234012583341,0.12031465576399374
41,Company_041,Technology,FY2026,784.23,27.29,151.52,287.51,1596.14,2264.77,10.53,28.736899963356542,5.17575237592397,18.01283095467816,1.4189043567606852
42,Company_042,Banking,FY2025,950.37,33.9,192.3,465.95,2642.88,2355.51,13.74,28.034513274336284,4.942121684867394,17.630388061508658,0.8912663458045769
42,Company_042,Banking,FY2026,1718.77,71.27,280.73,605.22,2383.93,4400.89,8.49,24.11631822646275,6.1225020482313965,25.387490404500134,1.8460651109722184
43,Company_043,Healthcare,FY2025,1164.31,99.45,409.94,1130.26,4658.97,4722.22,11.36,11.707491201608848,2.84019612626238,24.259868597565553,1.0135759620688694
43,Company_043,Healthcare,FY2026,127.85,-38.23,428.9,-126.04,1414.1,992.07,3.3,,0.29808813243180227,-8.913089597623932,0.7015557598472527
44,Company_044,Automobile,FY2025,217.52,-11.15,384.21,-85.27,2939.25,5056.3,7.65,,0.5661487207516723,-2.901080207535936,1.7202687760483117
44,Company_044,Automobile,FY2026,1710.12,42.91,320.38,204.46,1526.61,2929.47,4.77,39.853647168492195,5.337786378675323,13.393073542031036,1.9189380391848605
45,Company_045,Energy,FY2025,1149.23,40.31,189.93,640.88,3019.53,2434.62,15.9,28.509799057305877,6.050808192491971,21.224495202895813,0.8062910452951286
45,Company_045,Energy,FY2026,439.04,12.63,144.08,27.7,315.97,118.02,2.19,34.76167854315123,3.0471960022209883,8.766655062189448,0.37351647308288755
46,Company_046,FMCG,FY2025,1863.12,83.38,300.19,1651.37,5945.01,1938.74,19.8,22.34492684096906,6.206469236150438,27.77741332647043,0.32611215119907283
46,Company_046,FMCG,FY2026,165.19,12.88,86.02,116.81,779.9,752.75,9.07,12.82531055900621,1.9203673564287376,14.97756122579818,0.965187844595461
47,Company_047,Telecom,FY2025,270.59,-43.25,458.2,-227.34,2408.59,1492.16,5.26,,0.5905499781754692,-9.438717257814739,0.6195159823797325
47,Company_047,Telecom,FY2026,336.91,-25.35,271.98,-318.27,3414.99,5788.4,12.56,,1.238730789028605,-9.319793030140646,1.6949976427456597
48,Company_048,Pharmaceuticals,FY2025,562.87,22.28,351.59,304.88,4811.42,3680.19,13.68,25.263464991023337,1.6009272163599648,6.336590860910086,0.7648864576362072
48,Company_048,Pharmaceuticals,FY2026,2355.45,97.52,430.02,789.16,3479.78,5955.4,8.09,24.15350697292863,5.477535928561462,22.678445189063673,1.7114300329331162
49,Company_049,Construction,FY2025,1008.3,40.32,314.21,740.83,5772.57,5903.57,18.37,25.007440476190474,3.2090003500843385,12.833625231049602,1.0226935316505474
49,Company_049,Construction,FY2026,843.13,44.74,229.35,174.04,892.08,353.39,3.89,18.845105051408137,3.6761717898408546,19.50946103488476,0.39614160165007617
50,Company_050,Retail,FY2025,254.26,9.36,61.17,51.03,333.31,216.55,5.45,27.164529914529915,4.1566127186529345,15.310071705019352,0.6496954786835079
50,Company_050,Retail,FY2026,954.77,34.28,175.11,73.07,373.27,733.31,2.13,27.852100350058343,5.452401347724287,19.57564229646101,1.9645564872612318
51,Company_051,Technology,FY2025,2797.71,84.72,392.64,897.59,4160.11,8021.78,10.6,33.02301699716714,7.125382029339853,21.57611217011089,1.9282615123157802
51,Company_051,Technology,FY2026,443.39,15.33,101.35,269.77,1783.95,2013.28,17.6,28.92302674494455,4.37483966452886,15.122060595868717,1.128551809187477
52,Company_052,Banking,FY2025,2058.87,107.86,493.06,2098.66,9593.31,14509.57,19.46,19.088355275356943,4.1756986979272295,21.87628670396349,1.5124675424853362
52,Company_052,Banking,FY2026,254.6,11.13,68.43,47.07,289.42,570.68,4.23,22.87511230907457,3.720590384334356,16.263561605970562,1.9718056803261692
53,Company_053,Healthcare,FY2025,550.4,16.35,235.21,320.48,4610.69,5224.6,19.6,33.663608562691124,2.3400365630712976,6.950803458918298,1.1331492683307707
53,Company_053,Healthcare,FY2026,99.18,-33.19,420.16,-618.89,7833.77,1135.6,18.64,,0.23605293221629856,-7.900283005500544,0.14496213189817928
54,Company_054,Automobile,FY2025,3106.91,92.39,370.97,1307.84,5251.21,7834.24,14.16,33.62820651585669,8.375097716796505,24.905497970943838,1.4918923448119576
54,Company_054,Automobile,FY2026,941.43,38.48,155.54,110.86,448.17,26.34,2.88,24.465436590436592,6.052655265526552,24.736149229087175,0.05877234085280139
55,Company_055,Energy,FY2025,252.97,16.21,63.32,230.05,898.63,1221.82,14.19,15.605798889574336,3.9951042324699935,25.600080121963437,1.3596474633608937
55,Company_055,Energy,FY2026,507.96,24.54,206.61,425.72,3584.77,4305.75,17.35,20.69926650366748,2.4585450849426453,11.875796773572644,1.201123084605149
56,Company_056,FMCG,FY2025,966.25,31.21,448.95,216.78,3118.79,2235.42,6.95,30.959628324255046,2.152244125180978,6.95077257526156,0.7167587429740381
56,Company_056,FMCG,FY2026,1896.07,71.83,499.43,1187.65,8257.53,2616.0,16.53,26.396630934150075,3.7964679734897784,14.382630156959769,0.3168017554886267
57,Company_057,Telecom,FY2025,1224.82,51.24,365.4,1022.67,7292.01,13379.62,19.96,23.90359094457455,3.3519978106185,14.024528216499977,1.8348329198670874
57,Company_057,Telecom,FY2026,253.98,-20.97,214.42,-92.64,947.44,80.02,4.42,,1.1844977147654137,-9.777927889892764,0.08445917419572742
58,Company_058,Pharmaceuticals,FY2025,1400.42,55.34,204.48,742.71,2744.5,4161.56,13.42,25.30574629562703,6.848689358372457,27.06175988340317,1.516327199854254
58,Company_058,Pharmaceuticals,FY2026,1412.62,56.63,453.65,403.29,3230.77,5888.64,7.12,24.944728942256752,3.113898379808222,12.482782742194585,1.822673851744321
59,Company_059,Construction,FY2025,687.72,37.54,315.84,576.67,4851.77,2526.2,15.36,18.31965903036761,2.1774316109422496,11.885765401080429,0.5206759594951944
59,Company_059,Construction,FY2026,2628.04,79.44,443.44,381.15,2127.61,3392.15,4.8,33.08207452165156,5.92648385350893,17.914467407090584,1.5943476483002053
60,Company_060,Retail,FY2025,1999.96,54.23,264.32,536.35,2614.33,4283.71,9.89,36.87921814493823,7.566434624697337,20.515772683632136,1.6385498387732231
60,Company_060,Retail,FY2026,377.66,9.79,133.33,158.39,2156.84,2853.93,16.18,38.57609805924413,2.8325208130203254,7.343613805381946,1.3231996810148179
61,Company_061,Technology,FY2025,68.49,-3.53,244.84,-39.66,2749.33,689.68,11.23,,0.27973370364319555,-1.4425332717425698,0.2508538443911789
61,Company_061,Technology,FY2026,129.15,13.41,79.49,86.21,511.05,337.04,6.43,9.630872483221477,1.6247326707761984,16.869190881518442,0.6595049408081401
62,Company_062,Banking,FY2025,185.93,-9.63,223.03,-38.62,894.07,405.63,4.01,,0.8336546652916649,-4.319572292997192,0.45368930844341043
62,Company_062,Banking,FY2026,50.55,-25.57,237.47,-232.53,2159.65,3741.37,9.09,,0.2128689939781867,-10.767022434190725,1.732396453128979
63,Company_063,Healthcare,FY2025,1408.14,40.33,270.28,449.52,3012.77,4736.47,11.15,34.915447557649394,5.209930442504071,14.920488454146849,1.5721312944565966
63,Company_063,Healthcare,FY2026,478.88,31.29,195.12,209.22,1304.63,1803.46,6.69,15.304570150207734,2.4542845428454285,16.036730720587443,1.3823536175007471
64,Company_064,Automobile,FY2025,117.7,-32.49,468.67,-258.37,3727.47,5358.38,7.95,,0.25113619391042735,-6.931511185871382,1.4375380620098888
64,Company_064,Automobile,FY2026,52.64,5.85,112.19,16.68,320.05,133.54,2.85,8.998290598290598,0.4692040288795793,5.211685674113419,0.41724730510857677
65,Company_065,Energy,FY2025,2094.54,59.53,329.07,237.62,1313.42,1577.26,3.99,35.18461280026877,6.365028717294193,18.091699532518156,1.200880144965053
65,Company_065,Energy,FY2026,1342.38,37.95,434.02,79.13,905.07,1409.41,2.09,35.37233201581028,3.0928989447490904,8.74297015700443,1.5572386666224711
66,Company_066,FMCG,FY2025,1712.2,87.49,463.46,575.43,3048.04,6004.84,6.58,19.570236598468398,3.6943857075044235,18.878689256046506,1.9700660096324196
66,Company_066,FMCG,FY2026,772.8,36.37,193.28,605.07,3215.57,1517.41,16.64,21.248281550728624,3.9983443708609268,18.81688161041433,0.47189456301682126
67,Company_067,Telecom,FY2025,124.47,-6.97,85.15,-53.81,657.13,57.25,7.72,,1.4617733411626541,-8.188638473361436,0.08712126976397365
67,Company_067,Telecom,FY2026,1223.83,45.32,368.64,682.26,5549.26,9908.42,15.05,27.004192409532212,3.319851345486111,12.29461225460692,1.7855389727639361
68,Company_068,Pharmaceuticals,FY2025,409.09,10.3,114.67,43.94,489.48,508.68,4.27,39.717475728155335,3.5675416412313594,8.976873416687095,1.0392253003187055
68,Company_068,Pharmaceuticals,FY2026,389.15,10.6,57.46,21.96,119.07,35.42,2.07,36.7122641509434,6.772537417333797,18.442932728647015,0.2974720752498531
69,Company_069,Construction,FY2025,888.27,32.87,291.29,586.58,5198.61,772.06,17.85,27.023729844843324,3.049435270692437,11.283400755201873,0.14851277553038217
69,Company_069,Construction,FY2026,290.89,18.89,348.63,137.99,2546.95,3085.99,7.31,15.399152991000529,0.8343802885580701,5.417852725809302,1.2116413749779147
70,Company_070,Retail,FY2025,863.98,29.11,164.15,516.05,2910.36,2393.84,17.73,29.679835108210238,5.263356685957965,17.731483390370947,0.822523674047197
70,Company_070,Retail,FY2026,2061.82,84.27,305.12,1269.44,4596.31,3987.67,15.06,24.46683279933547,6.757406921866807,27.618676721108887,0.8675807332403601
71,Company_071,Technology,FY2025,2141.23,58.71,408.21,130.61,908.05,211.98,2.22,36.47129960824391,5.245412900222925,14.383569186718795,0.2334452948626177
71,Company_071,Technology,FY2026,1393.17,96.85,357.16,882.29,3253.79,1294.88,9.11,14.384821889519877,3.900688766939187,27.115763463530225,0.397960532179397
72,Company_072,Banking,FY2025,2628.99,72.81,460.66,1271.38,8043.94,11907.57,17.46,36.107540173053145,5.707007337298657,15.805438628333878,1.4803156164765028
72,Company_072,Banking,FY2026,1617.96,61.67,282.66,544.07,2493.88,3932.29,8.82,26.235771039403275,5.72405009552112,21.8162060724654,1.5767759475195278
73,Company_073,Healthcare,FY2025,1551.33,106.69,456.79,414.28,1773.74,434.09,3.88,14.5405380073109,3.3961557827448057,23.356297991813907,0.24473147135431347
73,Company_073,Healthcare,FY2026,300.72,8.26,60.41,127.1,929.44,1350.16,15.38,36.406779661016955,4.977983777520278,13.674901015665345,1.4526596660354623
74,Company_074,Automobile,FY2025,969.04,35.55,193.61,323.64,1762.49,1494.28,9.1,27.258509142053448,5.005113372243168,18.362657376779442,0.8478232500609932
74,Company_074,Automobile,FY2026,434.36,35.62,260.44,670.91,4905.84,4015.47,18.84,12.194272880404268,1.6677929657502688,13.675741565154997,0.8185081453940609
75,Company_075,Energy,FY2025,1077.93,96.54,358.05,476.11,1765.8,927.07,4.93,11.165630826600372,3.0105571847507333,26.962849699852757,0.5250141578887757
75,Company_075,Energy,FY2026,1064.15,43.08,446.47,670.38,6948.39,2864.43,15.56,24.70171773444754,2.383474813537304,9.6479903977756,0.4122436996196241
76,Company_076,FMCG,FY2025,343.63,-11.18,166.75,-116.6,1739.43,3340.92,10.43,,2.0607496251874062,-6.7033453487636745,1.9206981597419843
76,Company_076,FMCG,FY2026,423.92,11.76,99.81,128.38,1089.85,1679.86,10.92,36.04761904761905,4.247269812644023,11.77960269761894,1.5413680781758958
77,Company_077,Telecom,FY2025,1647.04,132.73,493.06,2419.53,8988.19,1708.23,18.23,12.408950501017102,3.340445381900783,26.91899036402212,0.19005272474213383
77,Company_077,Telecom,FY2026,294.06,-8.06,298.8,-60.27,2235.17,2799.95,7.48,,0.9841365461847389,-2.6964391970185715,1.2526787671631239
78,Company_078,Pharmaceuticals,FY2025,1271.25,40.33,163.96,200.65,815.82,970.21,4.98,31.52120009918175,7.753415467187119,24.594886126841704,1.1892451766321002
78,Company_078,Pharmaceuticals,FY2026,713.31,48.8,217.06,357.61,1590.77,2475.38,7.33,14.617008196721311,3.2862342209527315,22.48030827838091,1.5560891895119975
79,Company_079,Construction,FY2025,267.47,7.62,104.29,144.44,1976.15,1118.21,18.95,35.10104986876641,2.5646754242976315,7.309161753915442,0.5658527945753106
79,Company_079,Construction,FY2026,885.43,25.12,236.11,131.42,1235.03,1772.25,5.23,35.248009554140125,3.7500741179958488,10.641037059828506,1.4349853849704055
80,Company_080,Retail,FY2025,285.78,21.72,202.69,385.28,3596.29,1896.51,17.74,13.157458563535911,1.4099363560116434,10.713262834754705,0.5273517986591738
80,Company_080,Retail,FY2026,1896.58,76.01,449.59,1438.13,8506.49,8563.36,18.92,24.951716879357978,4.218465713205365,16.906268037698275,1.0066854836718788
81,Company_081,Technology,FY2025,453.85,19.37,245.55,225.88,2862.72,5458.88,11.66,23.43056272586474,1.8482997352881287,7.890397943214846,1.9068857589984352
81,Company_081,Technology,FY2026,108.31,12.09,123.61,231.54,2368.08,1287.55,19.16,8.958643507030605,0.8762236065043282,9.777541299280431,0.5437105165366035
82,Company_082,Banking,FY2025,1828.14,87.83,462.58,363.72,1915.62,1832.83,4.14,20.81452806558124,3.9520515370314326,18.98706424029818,0.9567816163957361
82,Company_082,Banking,FY2026,735.59,31.98,134.26,370.15,1553.89,2324.85,11.57,23.001563477173235,5.478847013257859,23.820862480613165,1.4961483760111718
83,Company_083,Healthcare,FY2025,954.74,28.57,464.3,135.74,2206.25,1583.4,4.75,33.41757087854393,2.0562998061598106,6.152521246458924,0.7176883852691218
83,Company_083,Healthcare,FY2026,843.26,38.3,387.88,505.93,5123.38,9485.31,13.21,22.017232375979113,2.1740228936784574,9.874926318172768,1.8513774110060155
84,Company_084,Automobile,FY2025,132.57,5.85,51.04,78.98,689.14,117.86,13.5,22.661538461538463,2.5973746081504703,11.460661113852048,0.1710247554923528
84,Company_084,Automobile,FY2026,303.08,16.64,118.55,71.93,512.42,946.76,4.32,18.213942307692307,2.556558414171236,14.037313141563565,1.8476249951211898
85,Company_085,Energy,FY2025,1858.31,48.39,257.49,729.31,3880.77,3771.83,15.07,38.4027691671833,7.217018136626665,18.792919961760166,0.9719282513521801
85,Company_085,Energy,FY2026,710.51,31.74,129.76,259.25,1059.96,136.2,8.17,22.38531821045999,5.475570283600494,24.45847013094834,0.12849541492131777
86,Company_086,FMCG,FY2025,1179.35,66.71,387.33,1205.06,6997.0,9354.93,18.06,17.678758806775598,3.0448196628198176,17.22252393883093,1.336991567814778
86,Company_086,FMCG,FY2026,951.6,30.66,214.85,584.32,4094.12,4690.01,19.06,31.037181996086105,4.429136606935071,14.272175705646148,1.1455477611794478
87,Company_087,Telecom,FY2025,1918.66,91.1,458.19,1016.75,5113.76,3669.67,11.16,21.061031833150388,4.187476810929963,19.882630393291823,0.7176070054128469
87,Company_087,Telecom,FY2026,348.31,-4.97,106.61,-49.26,1057.7,1404.9,9.92,,3.2671419191445454,-4.657275219816583,1.328259430840503
88,Company_088,Pharmaceuticals,FY2025,716.74,45.1,196.95,106.24,463.96,801.84,2.36,15.892239467849224,3.6391977659304393,22.898525734977156,1.7282524355547892
88,Company_088,Pharmaceuticals,FY2026,262.23,8.86,108.21,124.25,1517.29,914.72,14.02,29.597065462753953,2.423343498752426,8.188942127081837,0.6028643173025592
89,Company_089,Construction,FY2025,820.83,29.82,141.14,548.35,2594.89,4951.57,18.39,27.5261569416499,5.81571489301403,21.131916959871134,1.9082003476062568
89,Company_089,Construction,FY2026,2723.68,90.99,331.47,599.8,2184.99,1812.16,6.59,29.93383888339378,8.2169728783902,27.450926548862924,0.8293676401264996
90,Company_090,Retail,FY2025,1661.69,43.79,230.03,105.88,556.23,509.33,2.42,37.9467915049098,7.223796896057037,19.035291156535962,0.9156823616130018
90,Company_090,Retail,FY2026,592.86,31.72,195.0,551.0,3387.43,4345.38,17.37,18.690416141235815,3.0403076923076924,16.266018781199907,1.282795511641569
91,Company_091,Technology,FY2025,3578.62,112.39,460.7,718.84,2946.51,5767.79,6.4,31.84108906486342,7.7677881484697195,24.396319713830938,1.9574988715463377
91,Company_091,Technology,FY2026,1744.81,60.93,393.17,960.57,6197.87,3213.23,15.76,28.636303955358606,4.437800442556655,15.498388962659753,0.5184410127995586
92,Company_092,Banking,FY2025,817.2,23.96,166.01,172.66,1196.59,570.5,7.21,34.10684474123539,4.922595024396121,14.429336698451433,0.4767714923240208
92,Company_092,Banking,FY2026,427.63,-10.42,125.46,-182.19,2194.41,3522.35,17.49,,3.408496732026144,-8.30245943100879,1.605146713695253
93,Company_093,Healthcare,FY2025,788.44,55.67,398.45,249.95,1789.02,3573.18,4.49,14.162744745823604,1.97876772493412,13.97133626231121,1.9972834289163899
93,Company_093,Healthcare,FY2026,650.17,63.56,240.26,303.29,1146.36,2249.86,4.77,10.22923222152297,2.7061100474485973,26.45678495411564,1.9626120939320983
94,Company_094,Automobile,FY2025,1191.3,102.88,405.83,461.33,1819.73,2445.24,4.48,11.579510108864698,2.9354655890397456,25.351563143982897,1.3437378072571204
94,Company_094,Automobile,FY2026,685.93,22.9,129.36,388.92,2197.25,2255.47,16.99,29.953275109170306,5.302489177489177,17.70030720218455,1.0264967573102741
95,Company_095,Energy,FY2025,2621.82,83.79,496.42,1151.95,6824.95,1608.22,13.75,31.290368779090585,5.281455219370694,16.878511930490333,0.23563835632495478
95,Company_095,Energy,FY2026,842.35,28.54,193.25,558.86,3783.76,568.58,19.58,29.514716187806588,4.358861578266494,14.76996426834683,0.15026851597352897
96,Company_096,FMCG,FY2025,1766.66,96.59,404.36,807.54,3380.47,2915.65,8.36,18.290299202816026,4.3690275991690575,23.88839421737214,0.8624984099844105
96,Company_096,FMCG,FY2026,3789.06,104.87,410.63,1623.3,6355.98,2101.43,15.48,36.131019357299515,9.227431020626842,25.539727941245882,0.33062250038546376
97,Company_097,Telecom,FY2025,62.56,7.8,119.09,29.11,444.16,67.94,3.73,8.02051282051282,0.5253169871525737,6.553944524495677,0.1529628962536023
97,Company_097,Telecom,FY2026,125.6,-19.23,398.58,-189.51,3927.5,6500.39,9.85,,0.3151186712830548,-4.825206874602165,1.6550961171228518
98,Company_098,Pharmaceuticals,FY2025,834.48,76.08,437.36,353.29,2030.9,3345.79,4.64,10.968454258675079,1.9079934150356685,17.39573588064405,1.6474420207789648
98,Company_098,Pharmaceuticals,FY2026,2727.18,85.2,382.01,775.39,3476.54,3591.78,9.1,32.00915492957746,7.139027774142038,22.303497155217546,1.0331478999234873
99,Company_099,Construction,FY2025,249.19,21.11,215.56,218.78,2234.08,3385.54,10.36,11.804358124111795,1.1560122471701615,9.792845377067966,1.5154067893719114
99,Company_099,Construction,FY2026,1228.51,30.95,129.33,109.8,458.83,379.49,3.55,39.69337641357028,9.499033480244336,23.93043175032147,0.8270819257677136
100,Company_100,Retail,FY2025,1894.31,48.3,344.09,215.89,1538.03,2701.41,4.47,39.21966873706004,5.505274782760325,14.036787318842936,1.7564091727729627
100,Company_100,Retail,FY2026,864.34,27.43,136.54,485.82,2418.24,1484.11,17.71,31.51075464819541,6.3303061373956355,20.089817387852325,0.6137149331745402
101,Company_101,Technology,FY2025,609.27,63.58,297.91,775.4,3633.17,369.95,12.2,9.582730418370558,2.045147863448692,21.342243825639866,0.1018256784020566
101,Company_101,Technology,FY2026,1354.67,39.32,268.79,504.41,3448.01,5268.3,12.83,34.45244150559512,5.039882436102533,14.62901789727988,1.5279248030023114
102,Company_102,Banking,FY2025,989.68,37.99,223.42,459.76,2703.79,1794.67,12.1,26.051066070018422,4.42968400322263,17.004279178486495,0.6637608690024004
102,Company_102,Banking,FY2026,340.83,-7.71,79.74,-109.27,1130.63,2028.69,14.18,,4.274266365688487,-9.664523318857626,1.794300522717423
103,Company_103,Healthcare,FY2025,711.81,71.87,450.62,366.22,2296.03,4303.47,5.1,9.904132461388617,1.5796236296657937,15.950140024302817,1.87430913359146
103,Company_103,Healthcare,FY2026,722.81,64.69,313.6,379.95,1841.82,861.01,5.87,11.173442572267739,2.304878826530612,20.629051698863083,0.46747782085111467
104,Company_104,Automobile,FY2025,355.08,19.45,240.23,111.39,1375.49,2376.24,5.73,18.2560411311054,1.4780835033093285,8.098205003307912,1.7275589062806707
104,Company_104,Automobile,FY2026,121.01,8.3,74.87,70.53,635.93,788.84,8.49,14.579518072289156,1.616268198210231,11.09084333181325,1.2404509930338246
105,Company_105,Energy,FY2025,328.81,-50.67,468.35,-911.56,8425.89,2316.16,17.99,,0.7020604248959111,-10.818560413202642,0.27488609511873524
105,Company_105,Energy,FY2026,4126.25,103.43,433.57,433.94,1819.03,1956.94,4.2,39.89413129652905,9.516917683419056,23.85557137595312,1.0758151322408096
106,Company_106,FMCG,FY2025,2089.94,61.84,230.57,172.84,644.48,757.18,2.8,33.79592496765847,9.064232120397277,26.818520357497516,1.1748696623634558
106,Company_106,FMCG,FY2026,1618.71,80.2,490.39,406.3,2484.36,4827.67,5.07,20.183416458852868,3.3008625787638413,16.354312579497336,1.943224814439131
107,Company_107,Telecom,FY2025,438.43,38.78,313.14,355.07,2866.93,1223.48,9.16,11.305569881382155,1.4001085776330078,12.38502509653183,0.4267561468190713
107,Company_107,Telecom,FY2026,1282.66,45.39,315.2,798.38,5544.54,4942.75,17.59,28.258647279136376,4.069352791878173,14.39939111269826,0.891462592027472
108,Company_108,Pharmaceuticals,FY2025,1545.88,59.06,469.75,1103.39,8775.81,8157.48,18.68,26.174737555028784,3.290856838744013,12.573084421836848,0.9295415465922804
108,Company_108,Pharmaceuticals,FY2026,862.47,42.88,346.44,442.18,3572.73,2587.28,10.31,20.11357276119403,2.4895219951506755,12.376529992470745,0.7241745108082616
109,Company_109,Construction,FY2025,452.46,17.4,124.73,64.44,461.93,216.35,3.7,26.00344827586207,3.6275154333360056,13.950165609507934,0.46836100707899464
109,Company_109,Construction,FY2026,1284.17,43.67,165.84,681.24,2587.06,3143.07,15.6,29.406228532173117,7.7434273999035215,26.332593755073326,1.2149196385085774
110,Company_110,Retail,FY2025,1016.95,124.81,475.48,367.75,1400.95,1651.73,2.95,8.147984937104399,2.1387860688146714,26.25004461258432,1.1790071023234234
110,Company_110,Retail,FY2026,704.78,19.98,356.19,53.83,959.48,1438.98,2.69,35.27427427427427,1.9786630730789747,5.6103305957393586,1.499749864509943
111,Company_111,Technology,FY2025,445.44,-8.69,259.59,-95.01,2838.76,1972.64,10.94,,1.7159366693632268,-3.3468838506953738,0.694894954134904
111,Company_111,Technology,FY2026,631.99,26.45,304.29,230.54,2651.87,4139.76,8.72,23.893761814744803,2.0769331887344307,8.693487991492796,1.5610719982502914
112,Company_112,Banking,FY2025,3230.07,119.56,484.44,1393.66,5646.98,2348.23,11.66,27.01630980260957,6.667636859053753,24.679740321375323,0.41583820024154505
112,Company_112,Banking,FY2026,1346.86,51.68,218.51,920.28,3890.91,3849.82,17.81,26.061532507739937,6.163836895336598,23.65205054858632,0.9894394884487178
113,Company_113,Healthcare,FY2025,514.81,43.67,323.25,859.35,6361.01,5498.19,19.68,11.788642088390198,1.5926063418406804,13.509647052905121,0.8643580186165404
113,Company_113,Healthcare,FY2026,448.72,51.18,426.97,834.56,6962.01,12217.98,16.31,8.767487299726456,1.0509403470969858,11.987342735790381,1.754950079071992
114,Company_114,Automobile,FY2025,454.32,22.65,258.65,257.52,2940.44,3979.14,11.37,20.058278145695365,1.7565049294413302,8.757872971392036,1.3532464529118091
114,Company_114,Automobile,FY2026,144.32,11.58,68.04,152.06,893.87,418.27,13.14,12.46286701208981,2.121105232216343,17.011422242607985,0.4679315784174432
115,Company_115,Energy,FY2025,414.04,-3.24,204.86,-17.45,1104.73,927.69,5.39,,2.0210875720003907,-1.5795714790039193,0.8397436477691382
115,Company_115,Energy,FY2026,469.76,21.62,86.33,422.43,1686.86,2170.58,19.54,21.728029602220165,5.441445615660836,25.042386445822416,1.2867576443806836
116,Company_116,FMCG,FY2025,171.22,18.43,66.15,179.82,645.63,1239.27,9.76,9.29028757460662,2.588359788359788,27.851865619627343,1.9194740021374472
116,Company_116,FMCG,FY2026,390.36,11.22,185.79,164.95,2731.98,5122.34,14.7,34.79144385026738,2.1010818666236073,6.037745517902766,1.8749551607259205
117,Company_117,Telecom,FY2025,246.27,6.6,76.92,27.17,316.54,345.99,4.12,37.31363636363637,3.201638065522621,8.58343337334934,1.0930372148859544
117,Company_117,Telecom,FY2026,264.78,14.76,228.75,180.26,2794.03,5417.81,12.21,17.9390243902439,1.1575081967213114,6.451612903225806,1.9390665096652506
118,Company_118,Pharmaceuticals,FY2025,392.69,12.81,178.72,69.29,966.62,1683.12,5.41,30.65495706479313,2.1972358997314236,7.168277089238792,1.7412426806811363
118,Company_118,Pharmaceuticals,FY2026,4370.34,130.59,489.15,2212.3,8286.44,2465.41,16.94,33.46611532276591,8.934559950935297,26.697834051776155,0.2975234238104662
119,Company_119,Construction,FY2025,1889.69,80.57,294.57,952.51,3482.49,4960.58,11.82,23.45401514211245,6.415079607563568,27.351406608489903,1.4244348153189241
119,Company_119,Construction,FY2026,328.48,31.35,223.85,320.25,2286.73,514.56,10.22,10.477830940988836,1.4674112128657584,14.004714155147308,0.22502000673450734
120,Company_120,Retail,FY2025,623.9,47.84,250.73,767.28,4021.17,476.88,16.04,13.041387959866219,2.4883340645315677,19.081013734808526,0.11859234998769015
120,Company_120,Retail,FY2026,3238.64,82.47,489.08,470.48,2790.09,5232.94,5.7,39.27052261428398,6.6219023472642515,16.86253848442165,1.875545233307886
121,Company_121,Technology,FY2025,121.94,4.66,72.1,29.12,450.97,194.14,6.25,26.167381974248926,1.69126213592233,6.457192274430672,0.43049426791139095
121,Company_121,Technology,FY2026,781.24,28.13,291.75,518.33,5375.2,8660.18,18.42,27.772484891574834,2.67777206512425,9.64299002827802,1.611136329810984
122,Company_122,Banking,FY2025,743.66,33.79,476.98,593.09,8373.12,4107.53,17.55,22.008286475288546,1.5591010105245502,7.0832616754567,0.4905614633493846
122,Company_122,Banking,FY2026,701.13,38.39,220.24,730.27,4189.5,1702.94,19.02,18.263349830685073,3.183481656374864,17.43095834825158,0.40647810001193463
123,Company_123,Healthcare,FY2025,485.11,36.19,352.78,497.9,4853.41,7074.9,13.76,13.404531638574193,1.3751062985430014,10.258766516737715,1.4577173574867979
123,Company_123,Healthcare,FY2026,536.9,22.13,134.56,417.35,2537.75,2697.93,18.86,24.261183913239947,3.990041617122473,16.44567037730273,1.0631189045414244
124,Company_124,Automobile,FY2025,806.92,79.59,497.67,784.77,4907.0,4281.08,9.86,10.138459605478074,1.6213957039805493,15.99286733238231,0.8724434481353169
124,Company_124,Automobile,FY2026,216.58,9.41,152.59,119.3,1933.75,3797.31,12.67,23.015940488841657,1.419359066780261,6.169360051712993,1.9637026502908856
125,Company_125,Energy,FY2025,401.79,-7.8,264.0,-141.56,4789.43,6293.11,18.14,,1.5219318181818182,-2.955675310005575,1.313958028408391
125,Company_125,Energy,FY2026,1920.78,65.78,337.07,638.51,3271.97,2381.88,9.71,29.20006080875646,5.698460260480019,19.514543226252076,0.7279651097045512
126,Company_126,FMCG,FY2025,1723.47,71.26,482.26,1004.34,6796.73,11103.41,14.09,24.18565815324165,3.5737361589184258,14.77681179037567,1.633640000411963
126,Company_126,FMCG,FY2026,816.35,56.87,256.87,867.74,3919.39,1198.36,15.26,14.354668542289433,3.178066726359637,22.139669693498224,0.30575166033489903
127,Company_127,Telecom,FY2025,1680.01,43.53,386.27,578.21,5130.79,1364.34,13.28,38.594302779692164,4.349315245812515,11.26941465154489,0.26591226692185804
127,Company_127,Telecom,FY2026,771.77,23.87,138.95,114.07,664.13,1176.51,4.78,32.33221617092585,5.554300107952502,17.175854124945417,1.7715055787270564
128,Company_128,Pharmaceuticals,FY2025,345.33,20.62,128.83,304.04,1899.85,641.16,14.75,16.74733268671193,2.680509198168128,16.003368687001608,0.33747927467957994
128,Company_128,Pharmaceuticals,FY2026,532.47,22.76,107.27,171.83,809.92,150.94,7.55,23.39499121265378,4.963829588887854,21.215675622283687,0.18636408534176216
129,Company_129,Construction,FY2025,929.46,59.19,386.6,951.7,6216.38,10257.56,16.08,15.702990369994932,2.404190377651319,15.30955314829531,1.650085741219166
129,Company_129,Construction,FY2026,581.29,18.13,129.36,154.03,1098.86,571.2,8.49,32.062327633756205,4.493583797155225,14.017254245308777,0.5198114409478916
130,Company_130,Retail,FY2025,516.72,26.07,172.76,199.45,1321.5,846.79,7.65,19.820483314154203,2.9909701319749944,15.092697692016646,0.6407794173287931
130,Company_130,Retail,FY2026,2313.96,64.73,393.42,404.41,2458.07,3204.95,6.25,35.747875791750346,5.881653195058716,16.452338623391523,1.3038481410212075
131,Company_131,Technology,FY2025,1921.19,84.45,326.08,1687.2,6514.78,10380.2,19.98,22.749437537004145,5.891775024533858,25.898034929805767,1.5933308569130502
131,Company_131,Technology,FY2026,244.77,9.35,57.11,32.35,197.65,166.89,3.46,26.17860962566845,4.285939415163719,16.36731596256008,0.8443713635213761
132,Company_132,Banking,FY2025,1525.07,43.41,426.48,518.28,5091.66,8128.13,11.94,35.13176687399217,3.5759472894391293,10.178998597706839,1.5963615009643222
132,Company_132,Banking,FY2026,897.83,54.16,442.81,1078.07,8814.95,7344.97,19.91,16.577363367799116,2.027573903028387,12.230018321147593,0.8332401204771439
133,Company_133,Healthcare,FY2025,1130.44,84.15,472.46,1086.67,6101.09,3830.17,12.91,13.433630421865717,2.3926681623841173,17.811079659536247,0.6277845434176516
133,Company_133,Healthcare,FY2026,323.45,10.85,76.08,59.84,419.43,703.19,5.51,29.8110599078341,4.2514458464773925,14.266981379491215,1.6765372052547507
134,Company_134,Automobile,FY2025,178.48,14.3,128.96,78.0,703.41,1287.88,5.45,12.48111888111888,1.3839950372208436,11.088838657397536,1.830909426934505
134,Company_134,Automobile,FY2026,778.66,47.29,416.51,671.4,5913.97,11418.76,14.2,16.465637555508565,1.8694869270845837,11.352779943083917,1.930811282438024
135,Company_135,Energy,FY2025,1123.57,55.88,244.63,544.25,2382.53,3705.08,9.74,20.106836077308515,4.592936271103299,22.843363987022197,1.5551031886272155
135,Company_135,Energy,FY2026,67.39,-8.34,145.88,-142.06,2484.73,4940.77,17.03,,0.4619550315327667,-5.717321399105738,1.988453473818081
136,Company_136,FMCG,FY2025,637.55,19.98,283.51,114.77,1628.48,1336.51,5.74,31.909409409409406,2.248774293675708,7.047676360778149,0.8207101100412655
136,Company_136,FMCG,FY2026,693.01,19.48,134.98,169.23,1172.64,1154.89,8.69,35.57546201232033,5.134168024892577,14.43153909128121,0.9848632146268249
137,Company_137,Telecom,FY2025,1959.93,52.2,360.68,707.85,4891.03,4091.55,13.56,37.54655172413793,5.433985804591328,14.472411741494124,0.8365415873548109
137,Company_137,Telecom,FY2026,395.51,27.43,378.42,176.27,2431.62,2341.77,6.43,14.418884433102443,1.0451614608107394,7.249076747189117,0.9630493251412638
138,Company_138,Pharmaceuticals,FY2025,2031.55,60.31,258.72,321.84,1380.74,2512.71,5.34,33.685126844636045,7.852311379097093,23.30923997276822,1.8198284977620696
138,Company_138,Pharmaceuticals,FY2026,293.21,14.05,173.36,95.4,1176.87,2224.76,6.79,20.869039145907472,1.6913359483156436,8.106247928828164,1.890404207771462
139,Company_139,Construction,FY2025,712.29,25.03,431.0,151.3,2605.15,952.93,6.04,28.45745105872952,1.652645011600928,5.807727002283937,0.36578699882924204
139,Company_139,Construction,FY2026,544.32,35.61,144.92,573.07,2332.1,3974.7,16.09,15.285593934288123,3.7560033121722336,24.57313151237083,1.704343724540114
140,Company_140,Retail,FY2025,1025.32,84.7,440.34,246.45,1281.24,1962.77,2.91,12.105312868949232,2.3284734523322888,19.235272080172333,1.5319300053073586
140,Company_140,Retail,FY2026,1780.05,71.55,472.33,1148.73,7583.3,13342.99,16.06,24.87840670859539,3.7686575064044208,15.148154497382407,1.7595228990017537
141,Company_141,Technology,FY2025,761.29,48.72,419.23,750.53,6458.57,1807.08,15.41,15.625821018062396,1.8159244328888675,11.620683835585895,0.2797956823259638
141,Company_141,Technology,FY2026,1454.4,39.07,277.37,431.84,3065.47,4857.06,11.05,37.22549270540056,5.243537513069186,14.087236215001289,1.58444218994151
142,Company_142,Banking,FY2025,2172.83,64.96,381.44,418.43,2456.85,1026.06,6.44,33.44873768472907,5.696387374161073,17.031157783340454,0.41763233408633005
142,Company_142,Banking,FY2026,2944.3,103.59,374.83,1998.34,7230.88,5325.53,19.29,28.4226276667632,7.8550276125176755,27.636193658309914,0.7364981855597106
143,Company_143,Healthcare,FY2025,177.82,-36.87,493.98,-388.27,5202.03,9141.53,10.53,,0.35997408801975783,-7.463817009898059,1.7573005153757286
143,Company_143,Healthcare,FY2026,1837.23,56.28,222.25,910.58,3596.1,2292.79,16.18,32.64445628997868,8.26650168728909,25.32132031923473,0.6375768193320541
144,Company_144,Automobile,FY2025,1169.72,77.75,322.86,626.91,2603.38,254.3,8.06,15.044630225080386,3.6229944867744535,24.080618273167957,0.09768070738808779
144,Company_144,Automobile,FY2026,679.2,19.03,303.59,281.98,4497.47,3279.28,14.81,35.691014188124015,2.237227840179189,6.26974721343333,0.7291388269404798
145,Company_145,Energy,FY2025,228.92,14.09,228.4,36.02,583.8,882.66,2.56,16.246983676366217,1.002276707530648,6.16992120589243,1.5119218910585819
145,Company_145,Energy,FY2026,1266.18,38.44,385.73,676.56,6788.46,7372.41,17.6,32.93912591050989,3.2825551551603454,9.966325204832907,1.0860209826676448
146,Company_146,FMCG,FY2025,336.0,-2.24,153.84,-14.39,988.03,1417.35,6.42,,2.1840873634945397,-1.4564335091039746,1.4345212189913261
146,Company_146,FMCG,FY2026,641.04,44.37,289.23,682.86,4451.74,5782.17,15.39,14.447599729546992,2.2163675967223315,15.339170751211887,1.2988561775844951
147,Company_147,Telecom,FY2025,2973.96,76.03,415.29,1367.42,7468.99,2427.45,17.99,39.11561225831908,7.161164487466589,18.307963995131875,0.325003782305238
147,Company_147,Telecom,FY2026,449.63,41.33,464.85,754.28,8484.54,3927.97,18.25,10.879022501814664,0.9672582553511885,8.890051788311446,0.4629561531915695
148,Company_148,Pharmaceuticals,FY2025,189.69,5.5,82.09,22.9,341.65,105.38,4.16,34.48909090909091,2.3107564867827994,6.702765988584809,0.3084443143567979
148,Company_148,Pharmaceuticals,FY2026,2490.01,100.78,398.49,1254.11,4958.91,6421.85,12.44,24.70738241714626,6.248613516022987,25.29003349526408,1.2950124120018311
149,Company_149,Construction,FY2025,1326.18,39.6,251.33,587.23,3727.05,1419.79,14.83,33.48939393939394,5.276648231408904,15.755892730175338,0.3809420319019063
149,Company_149,Construction,FY2026,869.23,29.02,119.09,194.22,797.02,553.05,6.69,29.952791178497588,7.298933579645646,24.36827181250157,0.6938972673207698
150,Company_150,Retail,FY2025,308.35,10.26,84.99,178.74,1480.05,699.19,17.42,30.053606237816766,3.628073891046006,12.076619033140773,0.4724097158879768
150,Company_150,Retail,FY2026,594.85,21.32,182.76,391.8,3358.43,3797.91,18.38,27.901031894934334,3.2548150579995627,11.666165440399237,1.13085876436311
151,Company_151,Technology,FY2025,2067.05,69.26,330.6,899.47,4293.13,5863.4,12.99,29.84478775628068,6.252419842710224,20.951380461341724,1.365763440659845
151,Company_151,Technology,FY2026,388.29,17.56,251.08,58.54,836.91,404.74,3.33,22.1121867881549,1.5464792098136053,6.994778411059732,0.48361233585451247
152,Company_152,Banking,FY2025,635.9,27.5,156.68,422.77,2408.5,3691.81,15.37,23.12363636363636,4.058590758233342,17.553248910110025,1.532825410006228
152,Company_152,Banking,FY2026,1462.57,53.64,328.87,589.32,3612.84,3905.06,10.99,27.26640566741238,4.447258795268647,16.31182117115621,1.080883736893967
153,Company_153,Healthcare,FY2025,314.92,13.24,82.33,202.19,1257.65,2323.25,15.28,23.785498489425983,3.825094133365724,16.07680992326959,1.8472945573092672
153,Company_153,Healthcare,FY2026,488.71,44.24,482.99,461.45,5037.47,2382.66,10.43,11.046790235081373,1.0118428952980392,9.160352319716047,0.4729874321832189
154,Company_154,Automobile,FY2025,1402.35,53.44,244.38,107.44,491.25,55.36,2.01,26.241579341317365,5.738399214338325,21.870737913486003,0.11269211195928754
154,Company_154,Automobile,FY2026,2622.36,91.92,473.48,439.09,2261.88,1552.02,4.78,28.528720626631856,5.538481034045788,19.412612517021238,0.68616372221338
155,Company_155,Energy,FY2025,3258.93,101.22,391.84,953.6,3691.38,3785.18,9.42,32.196502667457025,8.316991629236423,25.83315724742508,1.0254105510676224
155,Company_155,Energy,FY2026,950.76,57.93,499.47,1001.93,8638.46,4650.46,17.3,16.412221646815123,1.9035377500150157,11.59847935858938,0.5383436399543438
156,Company_156,FMCG,FY2025,3021.96,85.08,497.09,1062.14,6205.61,8043.11,12.48,35.51904090267983,6.079301534933312,17.115803281224572,1.296103042247257
156,Company_156,FMCG,FY2026,755.74,34.24,141.74,643.41,2663.64,1708.04,18.79,22.071845794392523,5.331875264568929,24.15529125557508,0.6412428105900196
157,Company_157,Telecom,FY2025,2105.28,115.25,493.27,2275.16,9737.75,5597.3,19.74,18.267071583514102,4.2680073793257245,23.364329542245386,0.5748042412261559
157,Company_157,Telecom,FY2026,1898.97,59.39,302.35,703.86,3583.18,3032.19,11.85,31.974574844249872,6.280701174135935,19.643445207887964,0.8462287688589466
158,Company_158,Pharmaceuticals,FY2025,413.74,18.57,198.8,148.63,1591.21,2718.61,8.0,22.280021540118472,2.0811871227364183,9.340690417983797,1.7085174175627353
158,Company_158,Pharmaceuticals,FY2026,293.66,21.49,391.7,131.13,2390.03,1593.92,6.1,13.664960446719407,0.7497064079652797,5.486542009932929,0.6669037627142755
159,Company_159,Construction,FY2025,59.78,-19.8,173.76,-273.38,2398.94,2841.22,13.81,,0.34403775322283614,-11.39586650770757,1.1843647611028203
159,Company_159,Construction,FY2026,188.06,18.26,119.93,315.54,2072.16,1893.04,17.28,10.299014238773275,1.5680813808054699,15.227588603196665,0.9135587985483747
160,Company_160,Retail,FY2025,297.27,-45.35,451.87,-745.94,7433.11,13473.36,16.45,,0.6578662004558833,-10.035368775653799,1.812614100961778
160,Company_160,Retail,FY2026,1178.55,30.61,141.26,143.89,664.0,809.34,4.7,38.50212348905586,8.343126150361037,21.670180722891562,1.2188855421686748
161,Company_161,Technology,FY2025,232.7,24.57,185.12,267.65,2016.56,983.3,10.89,9.47089947089947,1.2570224719101122,13.272602848415122,0.48761256793747765
161,Company_161,Technology,FY2026,324.68,-26.54,370.13,-221.3,3086.85,4030.87,8.34,,0.8772053062437523,-7.1691206245849335,1.3058198487130894
162,Company_162,Banking,FY2025,834.08,30.54,414.73,488.06,6627.31,6470.2,15.98,27.311067452521286,2.011139777686688,7.364375591303259,0.9762935489663226
162,Company_162,Banking,FY2026,145.98,10.69,69.15,68.65,443.95,380.53,6.42,13.655753040224509,2.1110629067245115,15.463453091564366,0.8571460750084469
163,Company_163,Healthcare,FY2025,4627.63,123.08,466.56,2072.59,7856.61,666.47,16.84,37.59855378615535,9.918617112482853,26.380207239509158,0.08482920750807282
163,Company_163,Healthcare,FY2026,591.36,15.14,55.42,289.67,1060.51,1926.43,19.13,39.05944517833554,10.67051605918441,27.314216744773745,1.8165128098744945
164,Company_164,Automobile,FY2025,347.67,16.28,85.17,193.86,1014.02,1266.25,11.91,21.355651105651106,4.082071151814019,19.117966115066764,1.2487426283505256
164,Company_164,Automobile,FY2026,281.71,8.01,119.11,98.48,1464.25,2156.94,12.29,35.16978776529338,2.3651246746704726,6.725627454328155,1.4730681236127712
165,Company_165,Energy,FY2025,1510.84,76.28,279.42,801.23,2935.19,4342.88,10.5,19.806502359727318,5.407057476200701,27.297381089469507,1.4795907590309316
165,Company_165,Energy,FY2026,591.07,39.7,148.81,204.32,765.86,1134.69,5.15,14.888413098236777,3.971977689671393,26.678505209829474,1.4815893244196068
166,Company_166,FMCG,FY2025,875.45,23.25,220.19,406.23,3847.19,4833.56,17.47,37.65376344086022,3.9758844634179575,10.55913536893161,1.2563871293073647
166,Company_166,FMCG,FY2026,905.66,30.62,361.82,203.4,2403.22,534.44,6.64,29.577400391900717,2.50306782377978,8.463644610148052,0.22238496683616152
167,Company_167,Telecom,FY2025,343.16,18.33,82.06,148.75,665.94,403.55,8.12,18.72122204037098,4.181818181818182,22.336847163408112,0.6059855242214013
167,Company_167,Telecom,FY2026,1249.96,43.36,284.03,746.82,4891.77,9334.98,17.22,28.82749077490775,4.400802732105764,15.266866594300222,1.9083031295420674
168,Company_168,Pharmaceuticals,FY2025,1110.6,37.02,448.29,151.26,1831.8,637.0,4.09,29.999999999999996,2.4774141738606703,8.257451686865377,0.3477453870509881
168,Company_168,Pharmaceuticals,FY2026,669.47,27.1,178.97,77.32,510.54,438.04,2.85,24.70369003690037,3.7406827959993296,15.144748697457592,0.8579934970815215
169,Company_169,Construction,FY2025,100.52,8.76,64.42,61.6,453.09,598.13,7.03,11.474885844748858,1.5603849736106798,13.595532896334062,1.3201130018318656
169,Company_169,Construction,FY2026,456.98,22.75,161.73,51.13,363.57,592.66,2.25,20.087032967032968,2.8255734866753235,14.063316555271339,1.6301124955304342
170,Company_170,Retail,FY2025,239.58,-20.08,317.08,-231.91,3661.64,2645.25,11.55,,0.7555821874605778,-6.333500835691111,0.7224221933341345
170,Company_170,Retail,FY2026,719.39,22.17,402.27,84.38,1530.7,1871.56,3.81,32.4488046910239,1.7883262485395381,5.5125106160580115,1.2226824328738486
171,Company_171,Technology,FY2025,997.66,106.64,404.4,760.0,2881.97,5657.19,7.13,9.355401350337583,2.4670128585558855,26.37085049462694,1.962959364601297
171,Company_171,Technology,FY2026,321.29,37.71,296.14,377.46,2964.07,5856.75,10.01,8.520021214531955,1.084926048490579,12.73451706606119,1.9759148738052743
172,Company_172,Banking,FY2025,1596.42,68.82,429.19,698.22,4354.24,8522.07,10.15,23.197035745422845,3.7196113609357164,16.0354045711766,1.9571888550011025
172,Company_172,Banking,FY2026,88.78,8.14,73.27,35.48,319.23,329.74,4.36,10.906633906633907,1.2116828169782996,11.114243648779874,1.032922970898725
173,Company_173,Healthcare,FY2025,3092.61,128.08,468.55,1232.9,4510.14,2501.91,9.63,24.1459244222361,6.600384163909935,27.336180251610813,0.5547300083811145
173,Company_173,Healthcare,FY2026,1551.77,62.11,251.71,1085.2,4397.83,3563.49,17.47,24.98422154242473,6.1649120019069565,24.67580602251565,0.8102837081014955
174,Company_174,Automobile,FY2025,110.25,7.65,133.92,149.82,2621.77,2134.34,19.58,14.411764705882351,0.8232526881720431,5.714460078496588,0.8140836152675484
174,Company_174,Automobile,FY2026,278.91,14.55,131.59,207.26,1873.99,1391.77,14.24,19.169072164948453,2.11953795881146,11.059824225316037,0.7426773888868137
175,Company_175,Energy,FY2025,949.47,63.97,259.93,953.24,3873.34,4513.62,14.9,14.842426137251838,3.652791136075097,24.610284663881817,1.1653043626430934
175,Company_175,Energy,FY2026,157.31,-13.39,204.19,-243.79,3716.64,1084.07,18.2,,0.7704099123365493,-6.55941926040725,0.29168011967798874
176,Company_176,FMCG,FY2025,888.0,28.9,108.84,446.38,1681.33,2072.64,15.45,30.72664359861592,8.158765159867695,26.549219962767573,1.2327383678397459
176,Company_176,FMCG,FY2026,1088.92,43.45,496.76,644.93,7374.24,7834.21,14.84,25.061449942462602,2.1920444480231907,8.7457148126451,1.0623752413808067
177,Company_177,Telecom,FY2025,67.8,-5.85,325.9,-30.44,1695.47,959.5,5.2,,0.20803927585148818,-1.7953723746217862,0.5659197744578199
177,Company_177,Telecom,FY2026,128.97,9.1,158.11,35.93,624.3,371.3,3.95,14.172527472527474,0.8156979318196191,5.755245875380426,0.5947461156495275
178,Company_178,Pharmaceuticals,FY2025,246.67,28.01,223.33,246.91,1968.65,442.9,8.82,8.806497679400213,1.104509022522724,12.542097376374672,0.22497650674319963
178,Company_178,Pharmaceuticals,FY2026,2574.85,102.92,390.49,580.26,2201.62,2274.77,5.64,25.017975126311697,6.59389485006018,26.356046910911058,1.033225533925019
179,Company_179,Construction,FY2025,2129.72,97.25,398.27,745.18,3051.75,5481.66,7.66,21.89943444730077,5.347427624475857,24.418120750389118,1.7962349471614647
179,Company_179,Construction,FY2026,4335.51,108.89,412.88,1720.82,6525.05,1526.64,15.8,39.81550188263385,10.500653943034296,26.3725182182512,0.233966023248864
180,Company_180,Retail,FY2025,178.67,5.32,91.97,84.41,1458.82,2263.9,15.86,33.58458646616541,1.942698706099815,5.786183353669403,1.551870690009734
180,Company_180,Retail,FY2026,69.11,-39.05,435.59,-501.53,5594.41,4798.03,12.84,,0.15865837140430222,-8.964841690187168,0.8576471871028402
181,Company_181,Technology,FY2025,416.69,25.02,169.35,251.95,1704.96,3009.0,10.07,16.65427657873701,2.460525538824919,14.777472785285283,1.7648507882882882
181,Company_181,Technology,FY2026,649.73,40.02,241.69,723.82,4371.48,3779.58,18.09,16.235132433783107,2.688278373122595,16.55777905880846,0.8645996321611903
182,Company_182,Banking,FY2025,732.37,21.31,118.31,235.45,1307.12,1119.09,11.05,34.367433129985926,6.19026286873468,18.01288328539078,0.8561493971479283
182,Company_182,Banking,FY2026,1663.35,132.57,486.4,877.72,3220.43,5424.39,6.62,12.546956324960398,3.4197162828947367,27.25474548429868,1.6843682365398411
183,Company_183,Healthcare,FY2025,880.24,23.32,126.49,267.62,1451.64,818.33,11.48,37.74614065180103,6.958969088465492,18.435700311371964,0.5637279215232427
183,Company_183,Healthcare,FY2026,658.23,19.3,303.74,78.61,1237.23,1504.25,4.07,34.10518134715026,2.167083689998025,6.353709496213315,1.2158208255538583
184,Company_184,Automobile,FY2025,2157.41,56.8,280.51,182.63,901.98,253.83,3.22,37.98257042253521,7.6910270578589,20.24767733209162,0.2814142220448347
184,Company_184,Automobile,FY2026,548.66,24.75,133.69,448.16,2420.45,3510.18,18.11,22.168080808080806,4.10397187523375,18.51556528744655,1.4502179346815676
185,Company_185,Energy,FY2025,351.27,14.99,96.87,72.14,466.25,816.61,4.81,23.433622414943294,3.6262000619386803,15.472386058981233,1.7514423592493298
185,Company_185,Energy,FY2026,426.64,23.61,89.49,439.19,1664.76,3159.08,18.6,18.070309191020755,4.7674600514023915,26.381580528124175,1.8976188759941373
186,Company_186,FMCG,FY2025,382.76,23.77,253.6,199.46,2128.48,3835.16,8.39,16.102650399663442,1.5093059936908517,9.371006539878223,1.8018304141922874
186,Company_186,FMCG,FY2026,344.96,-3.86,80.22,-56.69,1178.83,838.24,14.69,,4.300174520069808,-4.809005539390752,0.7110779332049575
187,Company_187,Telecom,FY2025,2191.14,120.09,477.43,443.43,1762.87,557.27,3.69,18.245815638271296,4.589447667720922,25.153868407766883,0.31611519851151815
187,Company_187,Telecom,FY2026,301.19,18.65,291.73,160.99,2517.67,1936.87,8.63,16.14959785522788,1.032427244369794,6.39440435005382,0.7693105132920517
188,Company_188,Pharmaceuticals,FY2025,512.93,26.92,138.63,240.86,1240.28,1000.78,8.95,19.0538632986627,3.699992786554137,19.419808430354436,0.8068984422872255
188,Company_188,Pharmaceuticals,FY2026,1817.15,73.56,397.34,854.04,4613.21,8922.38,11.61,24.702963567156065,4.57328736095032,18.512922672065653,1.9340936137743565
189,Company_189,Construction,FY2025,494.02,-29.64,407.15,-544.68,7481.98,10562.47,18.38,,1.2133611691022965,-7.279891151807409,1.4117212288725711
189,Company_189,Construction,FY2026,175.99,7.26,91.75,74.41,940.54,1425.36,10.25,24.241046831955924,1.9181471389645777,7.911412592765858,1.5154698364769175
190,Company_190,Retail,FY2025,2943.87,84.21,441.21,1264.99,6627.8,10083.61,15.02,34.95867474171714,6.672264907867002,19.086122091795165,1.5214113280424877
190,Company_190,Retail,FY2026,190.38,6.62,66.39,116.84,1171.38,2023.76,17.64,28.758308157099698,2.867600542250339,9.974559920777203,1.7276716351653603
191,Company_191,Technology,FY2025,313.65,28.53,134.65,272.84,1287.76,577.56,9.56,10.993690851735014,2.329372447085035,21.18717773498167,0.44849972044480335
191,Company_191,Technology,FY2026,1415.87,46.18,393.89,830.47,7084.01,13782.19,17.98,30.659809441316586,3.594582243773642,11.723162446128676,1.945535085354199
192,Company_192,Banking,FY2025,104.46,11.13,188.43,144.63,2447.63,3599.33,12.99,9.38544474393531,0.5543703231969431,5.908981341134076,1.4705368049909504
192,Company_192,Banking,FY2026,1995.72,84.73,378.27,176.87,789.62,765.69,2.09,23.553877021125928,5.275914029661354,22.39938198120615,0.9696942833261569
193,Company_193,Healthcare,FY2025,1074.63,29.25,196.09,288.12,1931.57,2349.62,9.85,36.739487179487185,5.480289662909889,14.916363372800365,1.2164301578508674
193,Company_193,Healthcare,FY2026,134.54,7.82,85.43,155.75,1701.01,1253.03,19.91,17.204603580562658,1.574856607749034,9.156324771753251,0.7366388204654881
194,Company_194,Automobile,FY2025,1044.34,102.96,393.83,529.38,2024.96,229.95,5.14,10.143162393162394,2.6517532945687226,26.14273862199747,0.11355779867256637
194,Company_194,Automobile,FY2026,341.83,23.84,86.12,220.72,797.42,364.8,9.26,14.338506711409396,3.969228982814677,27.67926563166211,0.4574753580296456
195,Company_195,Energy,FY2025,465.74,37.46,274.1,461.66,3378.42,5615.56,12.33,12.432995194874533,1.6991608901860633,13.664967647598584,1.6621852818773273
195,Company_195,Energy,FY2026,496.87,48.65,360.39,472.48,3499.8,4049.63,9.71,10.213155190133607,1.378700851854935,13.500200011429225,1.1571032630436024
196,Company_196,FMCG,FY2025,95.47,9.43,81.11,47.77,410.89,600.44,5.07,10.12407211028632,1.1770435211441252,11.625982623086472,1.46131568059578
196,Company_196,FMCG,FY2026,434.13,-50.01,425.99,-876.39,7465.82,1192.76,17.53,,1.0191084297753468,-11.738697155838206,0.15976275881282967
197,Company_197,Telecom,FY2025,1660.53,69.13,296.72,430.3,1847.0,1853.19,6.22,24.020396354694057,5.596286060932865,23.297238765565783,1.0033513806172172
197,Company_197,Telecom,FY2026,264.62,7.28,117.56,144.11,2328.08,2284.82,19.8,36.348901098901095,2.2509356924123853,6.190079378715509,0.9814181643242501
198,Company_198,Pharmaceuticals,FY2025,1293.95,52.42,358.35,732.46,5007.48,3829.89,13.97,24.684280808851582,3.6108553090553928,14.627317532970677,0.7648338086223011
198,Company_198,Pharmaceuticals,FY2026,271.67,21.23,197.1,219.07,2034.14,1549.69,10.32,12.796514366462553,1.3783358701166921,10.76966187184756,0.7618403846342926
199,Company_199,Construction,FY2025,1049.46,67.27,320.95,1190.5,5680.2,9673.09,17.7,15.60071354244091,3.269855117619567,20.958769057427556,1.7029488398295836
199,Company_199,Construction,FY2026,70.2,-1.95,53.88,-9.18,253.81,501.27,4.71,,1.3028953229398663,-3.6168787675820497,1.9749812852133484
200,Company_200,Retail,FY2025,153.93,18.44,82.34,285.11,1273.38,955.61,15.47,8.34761388286334,1.8694437697352442,22.39001711979142,0.7504515541315239
200,Company_200,Retail,FY2026,1196.23,46.42,496.06,590.19,6306.61,1839.36,12.71,25.769711331322704,2.411462323106076,9.358276475000041,0.2916558975424198
